{
    "hand_strength": 0.4111034720081505,
    "pot_odds": 0.2828851675980201,
    "position": 0.20667667817387644,
    "aggression": 0.09933468221995281
}